date,negative,neutral,positive
2016-01-01,32,21,47
2016-01-02,20,6,74
2016-01-03,19,12,69
2016-01-04,27,18,55
2016-01-05,19,26,55
2016-01-06,12,22,66
2016-01-07,18,21,61
2016-01-08,23,16,61
2016-01-09,14,17,69
2016-01-10,30,12,58
2016-01-11,21,12,67
2016-01-12,18,19,63
2016-01-13,15,23,62
2016-01-14,13,20,67
2016-01-15,21,16,63
2016-01-16,23,16,61
2016-01-17,30,13,57
2016-01-18,24,17,59
2016-01-19,18,18,64
2016-01-20,16,20,64
2016-01-21,15,21,64
2016-01-22,16,19,65
2016-01-23,28,15,57
2016-01-24,18,13,69
2016-01-25,17,13,70
2016-01-26,25,21,54
2016-01-27,19,29,52
2016-01-28,27,15,58
2016-01-29,12,27,61
2016-01-30,26,21,53
2016-01-31,17,21,62
2016-02-01,14,25,61
2016-02-02,18,21,61
2016-02-03,8,31,61
2016-02-04,26,21,53
2016-02-05,26,24,50
2016-02-06,33,17,50
2016-02-07,27,9,64
2016-02-08,20,17,63
2016-02-09,30,21,49
2016-02-10,25,17,58
2016-02-11,15,23,62
2016-02-12,18,24,58
2016-02-13,23,16,61
2016-02-14,27,13,60
2016-02-15,14,21,65
2016-02-16,22,14,64
2016-02-17,22,22,56
2016-02-18,16,30,54
2016-02-19,23,15,62
2016-02-20,26,20,54
2016-02-21,24,9,67
2016-02-22,18,26,56
2016-02-23,20,13,67
2016-02-24,26,17,57
2016-02-25,21,18,61
2016-02-26,27,22,51
2016-02-27,29,13,58
2016-02-28,18,14,68
2016-02-29,26,11,63
2016-03-01,24,19,57
2016-03-02,26,13,61
2016-03-03,19,18,63
2016-03-04,21,27,52
2016-03-05,27,19,54
2016-03-06,23,15,62
2016-03-07,15,16,69
2016-03-08,23,27,50
2016-03-09,17,22,61
2016-03-10,16,23,61
2016-03-11,31,16,53
2016-03-12,20,16,64
2016-03-13,20,19,61
2016-03-14,26,18,56
2016-03-15,18,35,47
2016-03-16,26,16,58
2016-03-17,20,25,55
2016-03-18,25,15,60
2016-03-19,22,20,58
2016-03-20,25,17,58
2016-03-21,21,16,63
2016-03-22,15,25,60
2016-03-23,16,26,58
2016-03-24,26,19,55
2016-03-25,27,22,51
2016-03-26,19,25,56
2016-03-27,25,12,63
2016-03-28,25,23,52
2016-03-29,20,26,54
2016-03-30,19,14,67
2016-03-31,14,17,69
2016-04-01,35,12,53
2016-04-02,28,14,58
2016-04-03,21,11,68
2016-04-04,15,20,65
2016-04-05,28,16,56
2016-04-06,25,8,67
2016-04-07,19,13,68
2016-04-08,22,15,63
2016-04-09,27,15,58
2016-04-10,26,14,60
2016-04-11,19,11,70
2016-04-12,24,20,56
2016-04-13,18,26,56
2016-04-14,21,15,64
2016-04-15,36,13,51
2016-04-16,23,18,59
2016-04-17,19,21,60
2016-04-18,27,12,61
2016-04-19,25,21,54
2016-04-20,22,19,59
2016-04-21,25,18,57
2016-04-22,19,17,64
2016-04-23,28,16,56
2016-04-24,20,20,60
2016-04-25,25,11,64
2016-04-26,24,20,56
2016-04-27,19,15,66
2016-04-28,20,22,58
2016-04-29,21,21,58
2016-04-30,27,7,66
2016-05-01,13,8,79
2016-05-02,23,19,58
2016-05-03,17,23,60
2016-05-04,19,21,60
2016-05-05,21,22,57
2016-05-06,25,21,54
2016-05-07,25,21,54
2016-05-08,29,13,58
2016-05-09,15,19,66
2016-05-10,29,21,50
2016-05-11,25,19,56
2016-05-12,18,23,59
2016-05-13,19,23,58
2016-05-14,21,14,65
2016-05-15,29,21,50
2016-05-16,19,18,63
2016-05-17,18,19,63
2016-05-18,7,55,38
2016-05-19,12,38,50
2016-05-20,13,46,41
2016-05-21,24,19,57
2016-05-22,20,22,58
2016-05-23,19,22,59
2016-05-24,22,21,57
2016-05-25,20,26,54
2016-05-26,22,14,64
2016-05-27,24,19,57
2016-05-28,22,14,64
2016-05-29,25,6,69
2016-05-30,23,17,60
2016-05-31,25,20,55
2016-06-01,13,27,60
2016-06-02,28,29,43
2016-06-03,19,19,62
2016-06-04,17,16,67
2016-06-05,27,11,62
2016-06-06,30,17,53
2016-06-07,22,22,56
2016-06-08,18,23,59
2016-06-09,12,43,45
2016-06-10,25,26,49
2016-06-11,35,14,51
2016-06-12,24,18,58
2016-06-13,22,14,64
2016-06-14,17,32,51
2016-06-15,24,20,56
2016-06-16,21,21,58
2016-06-17,19,24,57
2016-06-18,23,14,63
2016-06-19,21,22,57
2016-06-20,24,19,57
2016-06-21,19,15,66
2016-06-22,21,20,59
2016-06-23,27,20,53
2016-06-24,32,23,45
2016-06-25,26,17,57
2016-06-26,25,16,59
2016-06-27,12,46,42
2016-06-28,31,20,49
2016-06-29,25,11,64
2016-06-30,19,25,56
2016-07-01,21,13,66
2016-07-02,18,14,68
2016-07-03,24,15,61
2016-07-04,24,16,60
2016-07-05,20,17,63
2016-07-06,26,22,52
2016-07-07,18,18,64
2016-07-08,19,13,68
2016-07-09,25,14,61
2016-07-10,21,13,66
2016-07-11,16,20,64
2016-07-12,12,24,64
2016-07-13,24,11,65
2016-07-14,24,30,46
2016-07-15,21,15,64
2016-07-16,22,10,68
2016-07-17,23,22,55
2016-07-18,21,11,68
2016-07-19,27,19,54
2016-07-20,17,26,57
2016-07-21,15,12,73
2016-07-22,22,22,56
2016-07-23,18,8,74
2016-07-24,23,10,67
2016-07-25,15,18,67
2016-07-26,32,10,58
2016-07-27,12,26,62
2016-07-28,25,13,62
2016-07-29,22,17,61
2016-07-30,23,13,64
2016-07-31,26,13,61
2016-08-01,16,16,68
2016-08-02,19,27,54
2016-08-03,17,22,61
2016-08-04,28,15,57
2016-08-05,21,20,59
2016-08-06,16,20,64
2016-08-07,31,12,57
2016-08-08,21,18,61
2016-08-09,29,8,63
2016-08-10,23,19,58
2016-08-11,28,18,54
2016-08-12,31,11,58
2016-08-13,22,14,64
2016-08-14,28,9,63
2016-08-15,24,22,54
2016-08-16,20,16,64
2016-08-17,33,16,51
2016-08-18,26,13,61
2016-08-19,34,20,46
2016-08-20,27,21,52
2016-08-21,23,11,66
2016-08-22,24,19,57
2016-08-23,32,21,47
2016-08-24,19,24,57
2016-08-25,24,13,63
2016-08-26,24,7,69
2016-08-27,24,10,66
2016-08-28,25,16,59
2016-08-29,19,26,55
2016-08-30,18,23,59
2016-08-31,28,19,53
2016-09-01,16,17,67
2016-09-02,24,20,56
2016-09-03,22,16,62
2016-09-04,19,18,63
2016-09-05,23,17,60
2016-09-06,24,24,52
2016-09-07,17,15,68
2016-09-08,27,13,60
2016-09-09,30,13,57
2016-09-10,19,20,61
2016-09-11,23,15,62
2016-09-12,21,27,52
2016-09-13,20,20,60
2016-09-14,17,18,65
2016-09-15,15,28,57
2016-09-16,18,19,63
2016-09-17,33,13,54
2016-09-18,24,14,62
2016-09-19,20,14,66
2016-09-20,28,13,59
2016-09-21,25,32,43
2016-09-22,24,28,48
2016-09-23,20,25,55
2016-09-24,21,20,59
2016-09-25,24,13,63
2016-09-26,24,22,54
2016-09-27,27,16,57
2016-09-28,16,22,62
2016-09-29,24,24,52
2016-09-30,11,19,70
2016-10-01,29,15,56
2016-10-02,20,11,69
2016-10-03,21,22,57
2016-10-04,10,51,39
2016-10-05,19,25,56
2016-10-06,22,19,59
2016-10-07,19,32,49
2016-10-08,24,16,60
2016-10-09,26,18,56
2016-10-10,20,25,55
2016-10-11,27,19,54
2016-10-12,14,17,69
2016-10-13,20,24,56
2016-10-14,23,19,58
2016-10-15,20,21,59
2016-10-16,21,18,61
2016-10-17,21,20,59
2016-10-18,23,22,55
2016-10-19,15,24,61
2016-10-20,15,25,60
2016-10-21,28,17,55
2016-10-22,30,20,50
2016-10-23,26,14,60
2016-10-24,23,20,57
2016-10-25,24,23,53
2016-10-26,21,24,55
2016-10-27,11,18,71
2016-10-28,20,28,52
2016-10-29,23,15,62
2016-10-30,30,17,53
2016-10-31,21,25,54
2016-11-01,21,32,47
2016-11-02,18,30,52
2016-11-03,23,28,49
2016-11-04,21,24,55
2016-11-05,16,23,61
2016-11-06,20,17,63
2016-11-07,16,20,64
2016-11-08,27,16,57
2016-11-09,20,27,53
2016-11-10,21,26,53
2016-11-11,24,13,63
2016-11-12,28,17,55
2016-11-13,18,20,62
2016-11-14,35,15,50
2016-11-15,15,37,48
2016-11-16,29,29,42
2016-11-17,21,29,50
2016-11-18,27,11,62
2016-11-19,20,20,60
2016-11-20,22,27,51
2016-11-21,16,22,62
2016-11-22,23,29,48
2016-11-23,21,20,59
2016-11-24,24,16,60
2016-11-25,27,14,59
2016-11-26,24,25,51
2016-11-27,18,17,65
2016-11-28,15,28,57
2016-11-29,17,23,60
2016-11-30,17,25,58
2016-12-01,25,19,56
2016-12-02,17,24,59
2016-12-03,23,18,59
2016-12-04,16,18,66
2016-12-05,23,14,63
2016-12-06,14,14,72
2016-12-07,11,34,55
2016-12-08,22,20,58
2016-12-09,22,26,52
2016-12-10,24,15,61
2016-12-11,16,14,70
2016-12-12,16,23,61
2016-12-13,22,48,30
2016-12-14,22,18,60
2016-12-15,19,35,46
2016-12-16,23,23,54
2016-12-17,23,20,57
2016-12-18,20,20,60
2016-12-19,22,21,57
2016-12-20,19,13,68
2016-12-21,21,16,63
2016-12-22,16,24,60
2016-12-23,25,20,55
2016-12-24,14,20,66
2016-12-25,24,14,62
2016-12-26,20,25,55
2016-12-27,13,28,59
2016-12-28,14,14,72
2016-12-29,22,32,46
2016-12-30,20,17,63
2016-12-31,13,34,53
2017-01-01,20,14,66
2017-01-02,17,21,62
2017-01-03,29,23,48
2017-01-04,19,20,61
2017-01-05,15,24,61
2017-01-06,22,19,59
2017-01-07,28,16,56
2017-01-08,21,21,58
2017-01-09,19,24,57
2017-01-10,19,21,60
2017-01-11,17,20,63
2017-01-12,26,18,56
2017-01-13,21,15,64
2017-01-14,25,17,58
2017-01-15,13,20,67
2017-01-16,25,24,51
2017-01-17,21,32,47
2017-01-18,25,29,46
2017-01-19,21,22,57
2017-01-20,18,31,51
2017-01-21,27,22,51
2017-01-22,27,13,60
2017-01-23,16,30,54
2017-01-24,22,14,64
2017-01-25,30,25,45
2017-01-26,21,20,59
2017-01-27,32,19,49
2017-01-28,22,21,57
2017-01-29,17,18,65
2017-01-30,19,18,63
2017-01-31,19,21,60
2017-02-01,32,24,44
2017-02-02,19,18,63
2017-02-03,22,21,57
2017-02-04,17,31,52
2017-02-05,27,9,64
2017-02-06,27,18,55
2017-02-07,25,19,56
2017-02-08,20,16,64
2017-02-09,23,15,62
2017-02-10,15,19,66
2017-02-11,27,18,55
2017-02-12,18,20,62
2017-02-13,16,19,65
2017-02-14,20,22,58
2017-02-15,17,19,64
2017-02-16,13,23,64
2017-02-17,23,12,65
2017-02-18,28,17,55
2017-02-19,25,13,62
2017-02-20,26,19,55
2017-02-21,23,14,63
2017-02-22,15,19,66
2017-02-23,20,19,61
2017-02-24,30,18,52
2017-02-25,35,10,55
2017-02-26,24,20,56
2017-02-27,16,16,68
2017-02-28,22,22,56
2017-03-01,19,19,62
2017-03-02,17,17,66
2017-03-03,25,19,56
2017-03-04,20,24,56
2017-03-05,17,19,64
2017-03-06,34,12,54
2017-03-07,19,25,56
2017-03-08,25,20,55
2017-03-09,27,27,46
2017-03-10,28,18,54
2017-03-11,28,19,53
2017-03-12,22,28,50
2017-03-13,24,24,52
2017-03-14,16,30,54
2017-03-15,17,16,67
2017-03-16,34,17,49
2017-03-17,20,21,59
2017-03-18,16,27,57
2017-03-19,15,26,59
2017-03-20,23,19,58
2017-03-21,24,26,50
2017-03-22,17,26,57
2017-03-23,16,17,67
2017-03-24,31,21,48
2017-03-25,26,16,58
2017-03-26,23,16,61
2017-03-27,30,11,59
2017-03-28,24,14,62
2017-03-29,21,26,53
2017-03-30,21,22,57
2017-03-31,19,21,60
2017-04-01,15,34,51
2017-04-02,20,19,61
2017-04-03,23,20,57
2017-04-04,18,15,67
2017-04-05,17,28,55
2017-04-06,17,26,57
2017-04-07,24,24,52
2017-04-08,26,19,55
2017-04-09,28,22,50
2017-04-10,23,13,64
2017-04-11,22,23,55
2017-04-12,21,28,51
2017-04-13,21,26,53
2017-04-14,16,18,66
2017-04-15,16,24,60
2017-04-16,18,20,62
2017-04-17,24,24,52
2017-04-18,23,28,49
2017-04-19,24,23,53
2017-04-20,17,31,52
2017-04-21,14,22,64
2017-04-22,32,9,59
2017-04-23,20,17,63
2017-04-24,22,18,60
2017-04-25,25,20,55
2017-04-26,25,24,51
2017-04-27,13,32,55
2017-04-28,21,20,59
2017-04-29,26,24,50
2017-04-30,23,20,57
2017-05-01,16,19,65
2017-05-02,18,21,61
2017-05-03,23,15,62
2017-05-04,23,20,57
2017-05-05,21,17,62
2017-05-06,23,13,64
2017-05-07,21,33,46
2017-05-08,20,23,57
2017-05-09,26,15,59
2017-05-10,16,27,57
2017-05-11,20,17,63
2017-05-12,26,23,51
2017-05-13,27,25,48
2017-05-14,23,20,57
2017-05-15,16,27,57
2017-05-16,17,26,57
2017-05-17,9,49,42
2017-05-18,17,26,57
2017-05-19,16,18,66
2017-05-20,19,18,63
2017-05-21,18,17,65
2017-05-22,21,21,58
2017-05-23,17,21,62
2017-05-24,19,16,65
2017-05-25,16,13,71
2017-05-26,26,26,48
2017-05-27,20,22,58
2017-05-28,17,27,56
2017-05-29,22,18,60
2017-05-30,19,21,60
2017-05-31,17,26,57
2017-06-01,18,29,53
2017-06-02,25,16,59
2017-06-03,19,23,58
2017-06-04,20,18,62
2017-06-05,28,16,56
2017-06-06,24,15,61
2017-06-07,24,28,48
2017-06-08,23,12,65
2017-06-09,12,27,61
2017-06-10,29,19,52
2017-06-11,24,17,59
2017-06-12,28,17,55
2017-06-13,24,30,46
2017-06-14,25,30,45
2017-06-15,21,20,59
2017-06-16,26,23,51
2017-06-17,30,15,55
2017-06-18,21,19,60
2017-06-19,26,15,59
2017-06-20,27,15,58
2017-06-21,19,29,52
2017-06-22,18,22,60
2017-06-23,34,15,51
2017-06-24,21,14,65
2017-06-25,19,18,63
2017-06-26,29,22,49
2017-06-27,24,17,59
2017-06-28,17,25,58
2017-06-29,22,23,55
2017-06-30,26,22,52
2017-07-01,24,26,50
2017-07-02,21,11,68
2017-07-03,18,20,62
2017-07-04,28,16,56
2017-07-05,20,18,62
2017-07-06,19,25,56
2017-07-07,31,19,50
2017-07-08,24,18,58
2017-07-09,25,15,60
2017-07-10,24,20,56
2017-07-11,26,15,59
2017-07-12,14,26,60
2017-07-13,30,13,57
2017-07-14,19,17,64
2017-07-15,26,17,57
2017-07-16,21,13,66
2017-07-17,25,16,59
2017-07-18,22,25,53
2017-07-19,32,20,48
2017-07-20,23,24,53
2017-07-21,22,20,58
2017-07-22,25,18,57
2017-07-23,19,12,69
2017-07-24,19,23,58
2017-07-25,22,20,58
2017-07-26,22,19,59
2017-07-27,18,24,58
2017-07-28,13,13,74
2017-07-29,23,18,59
2017-07-30,27,16,57
2017-07-31,14,32,54
2017-08-01,23,23,54
2017-08-02,12,20,68
2017-08-03,21,13,66
2017-08-04,18,25,57
2017-08-05,23,22,55
2017-08-06,29,16,55
2017-08-07,27,19,54
2017-08-08,31,20,49
2017-08-09,33,34,33
2017-08-10,29,23,48
2017-08-11,27,19,54
2017-08-12,26,15,59
2017-08-13,24,17,59
2017-08-14,35,23,42
2017-08-15,34,18,48
2017-08-16,25,18,57
2017-08-17,28,17,55
2017-08-18,36,14,50
2017-08-19,23,18,59
2017-08-20,24,13,63
2017-08-21,23,26,51
2017-08-22,25,18,57
2017-08-23,22,18,60
2017-08-24,29,11,60
2017-08-25,24,17,59
2017-08-26,19,18,63
2017-08-27,28,16,56
2017-08-28,23,22,55
2017-08-29,22,22,56
2017-08-30,34,16,50
2017-08-31,31,14,55
2017-09-01,23,13,64
2017-09-02,29,11,60
2017-09-03,20,17,63
2017-09-04,17,23,60
2017-09-05,21,25,54
2017-09-06,24,18,58
2017-09-07,27,11,62
2017-09-08,32,28,40
2017-09-09,24,15,61
2017-09-10,43,9,48
2017-09-11,23,19,58
2017-09-12,24,16,60
2017-09-13,22,12,66
2017-09-14,36,22,42
2017-09-15,23,25,52
2017-09-16,10,20,70
2017-09-17,29,12,59
2017-09-18,18,19,63
2017-09-19,18,19,63
2017-09-20,17,20,63
2017-09-21,25,23,52
2017-09-22,17,23,60
2017-09-23,28,16,56
2017-09-24,32,13,55
2017-09-25,22,18,60
2017-09-26,16,23,61
2017-09-27,17,23,60
2017-09-28,26,17,57
2017-09-29,17,30,53
2017-09-30,23,20,57
2017-10-01,22,16,62
2017-10-02,21,24,55
2017-10-03,24,20,56
2017-10-04,12,46,42
2017-10-05,16,34,50
2017-10-06,23,23,54
2017-10-07,25,20,55
2017-10-08,27,16,57
2017-10-09,23,23,54
2017-10-10,34,15,51
2017-10-11,30,12,58
2017-10-12,23,18,59
2017-10-13,20,20,60
2017-10-14,16,20,64
2017-10-15,38,7,55
2017-10-16,20,30,50
2017-10-17,20,25,55
2017-10-18,25,18,57
2017-10-19,25,16,59
2017-10-20,17,19,64
2017-10-21,23,22,55
2017-10-22,28,10,62
2017-10-23,19,20,61
2017-10-24,23,18,59
2017-10-25,19,27,54
2017-10-26,25,16,59
2017-10-27,17,13,70
2017-10-28,23,25,52
2017-10-29,19,23,58
2017-10-30,25,16,59
2017-10-31,26,33,41
2017-11-01,25,22,53
2017-11-02,20,21,59
2017-11-03,24,14,62
2017-11-04,25,11,64
2017-11-05,26,18,56
2017-11-06,12,20,68
2017-11-07,23,26,51
2017-11-08,26,11,63
2017-11-09,29,13,58
2017-11-10,19,23,58
2017-11-11,17,8,75
2017-11-12,23,18,59
2017-11-13,19,21,60
2017-11-14,21,19,60
2017-11-15,19,24,57
2017-11-16,29,18,53
2017-11-17,22,18,60
2017-11-18,29,21,50
2017-11-19,25,17,58
2017-11-20,21,21,58
2017-11-21,19,23,58
2017-11-22,29,10,61
2017-11-23,18,21,61
2017-11-24,24,18,58
2017-11-25,25,17,58
2017-11-26,26,16,58
2017-11-27,19,13,68
2017-11-28,23,19,58
2017-11-29,21,14,65
2017-11-30,19,12,69
2017-12-01,26,22,52
2017-12-02,23,14,63
2017-12-03,14,15,71
2017-12-04,22,18,60
2017-12-05,25,29,46
2017-12-06,41,11,48
2017-12-07,19,14,67
2017-12-08,23,15,62
2017-12-09,17,15,68
2017-12-10,29,15,56
2017-12-11,23,19,58
2017-12-12,24,18,58
2017-12-13,18,26,56
2017-12-14,24,30,46
2017-12-15,25,11,64
2017-12-16,19,12,69
2017-12-17,28,15,57
2017-12-18,16,16,68
2017-12-19,14,23,63
2017-12-20,29,18,53
2017-12-21,20,22,58
2017-12-22,22,23,55
2017-12-23,17,13,70
2017-12-24,20,17,63
2017-12-25,27,12,61
2017-12-26,15,21,64
2017-12-27,12,17,71
2017-12-28,21,18,61
2017-12-29,20,14,66
2017-12-30,19,16,65
2017-12-31,27,16,57
2018-01-01,23,21,56
2018-01-02,19,31,50
2018-01-03,25,18,57
2018-01-04,11,16,73
2018-01-05,19,21,60
2018-01-06,22,14,64
2018-01-07,18,24,58
2018-01-08,39,17,44
2018-01-09,27,27,46
2018-01-10,24,20,56
2018-01-11,27,17,56
2018-01-12,31,24,45
2018-01-13,17,18,65
2018-01-14,16,15,69
2018-01-15,19,19,62
2018-01-16,19,15,66
2018-01-17,24,33,43
2018-01-18,15,27,58
2018-01-19,20,22,58
2018-01-20,25,25,50
2018-01-21,26,12,62
2018-01-22,25,18,57
2018-01-23,21,14,65
2018-01-24,20,12,68
2018-01-25,18,9,73
2018-01-26,22,20,58
2018-01-27,20,10,70
2018-01-28,21,10,69
2018-01-29,25,14,61
2018-01-30,20,15,65
2018-01-31,26,22,52
2018-02-01,16,16,68
2018-02-02,27,15,58
2018-02-03,24,15,61
2018-02-04,23,17,60
2018-02-05,22,13,65
2018-02-06,25,18,57
2018-02-07,21,31,48
2018-02-08,27,15,58
2018-02-09,18,25,57
2018-02-10,27,12,61
2018-02-11,22,23,55
2018-02-12,20,22,58
2018-02-13,23,15,62
2018-02-14,13,22,65
2018-02-15,23,25,52
2018-02-16,21,17,62
2018-02-17,33,17,50
2018-02-18,27,22,51
2018-02-19,19,19,62
2018-02-20,22,24,54
2018-02-21,11,24,65
2018-02-22,25,17,58
2018-02-23,21,16,63
2018-02-24,19,15,66
2018-02-25,19,15,66
2018-02-26,17,25,58
2018-02-27,22,29,49
2018-02-28,25,27,48
2018-03-01,25,17,58
2018-03-02,28,25,47
2018-03-03,32,11,57
2018-03-04,19,23,58
2018-03-05,21,19,60
2018-03-06,20,21,59
2018-03-07,17,29,54
2018-03-08,21,23,56
2018-03-09,19,24,57
2018-03-10,31,15,54
2018-03-11,20,24,56
2018-03-12,21,19,60
2018-03-13,19,26,55
2018-03-14,26,25,49
2018-03-15,18,22,60
2018-03-16,17,16,67
2018-03-17,23,15,62
2018-03-18,38,13,49
2018-03-19,26,23,51
2018-03-20,23,32,45
2018-03-21,19,16,65
2018-03-22,15,15,70
2018-03-23,27,20,53
2018-03-24,18,30,52
2018-03-25,25,16,59
2018-03-26,22,23,55
2018-03-27,15,29,56
2018-03-28,19,27,54
2018-03-29,17,21,62
2018-03-30,21,25,54
2018-03-31,22,22,56
2018-04-01,21,32,47
2018-04-02,23,27,50
2018-04-03,21,27,52
2018-04-04,22,27,51
2018-04-05,23,23,54
2018-04-06,23,25,52
2018-04-07,20,16,64
2018-04-08,27,13,60
2018-04-09,22,19,59
2018-04-10,21,22,57
2018-04-11,20,17,63
2018-04-12,15,21,64
2018-04-13,23,19,58
2018-04-14,20,28,52
2018-04-15,34,14,52
2018-04-16,22,21,57
2018-04-17,26,11,63
2018-04-18,24,13,63
2018-04-19,27,28,45
2018-04-20,15,22,63
2018-04-21,22,19,59
2018-04-22,17,22,61
2018-04-23,29,20,51
2018-04-24,19,16,65
2018-04-25,16,26,58
2018-04-26,36,24,40
2018-04-27,22,19,59
2018-04-28,26,17,57
2018-04-29,16,23,61
2018-04-30,17,17,66
2018-05-01,21,21,58
2018-05-02,20,22,58
2018-05-03,16,18,66
2018-05-04,14,38,48
2018-05-05,25,25,50
2018-05-06,19,22,59
2018-05-07,18,23,59
2018-05-08,17,42,41
2018-05-09,17,28,55
2018-05-10,19,33,48
2018-05-11,18,22,60
2018-05-12,26,11,63
2018-05-13,26,24,50
2018-05-14,23,20,57
2018-05-15,21,16,63
2018-05-16,12,25,63
2018-05-17,17,16,67
2018-05-18,32,21,47
2018-05-19,23,19,58
2018-05-20,21,16,63
2018-05-21,17,15,68
2018-05-22,18,35,47
2018-05-23,15,22,63
2018-05-24,11,28,61
2018-05-25,17,23,60
2018-05-26,25,13,62
2018-05-27,23,19,58
2018-05-28,21,16,63
2018-05-29,22,20,58
2018-05-30,23,28,49
2018-05-31,24,25,51
2018-06-01,18,16,66
2018-06-02,22,19,59
2018-06-03,27,20,53
2018-06-04,22,16,62
2018-06-05,33,18,49
2018-06-06,22,32,46
2018-06-07,35,23,42
2018-06-08,26,16,58
2018-06-09,19,14,67
2018-06-10,21,23,56
2018-06-11,25,20,55
2018-06-12,25,20,55
2018-06-13,19,14,67
2018-06-14,18,18,64
2018-06-15,20,15,65
2018-06-16,22,18,60
2018-06-17,25,14,61
2018-06-18,22,18,60
2018-06-19,22,23,55
2018-06-20,18,18,64
2018-06-21,27,13,60
2018-06-22,19,14,67
2018-06-23,30,22,48
2018-06-24,14,16,70
2018-06-25,19,16,65
2018-06-26,27,19,54
2018-06-27,18,30,52
2018-06-28,24,17,59
2018-06-29,19,23,58
2018-06-30,20,18,62
2018-07-01,28,9,63
2018-07-02,29,18,53
2018-07-03,30,19,51
2018-07-04,16,27,57
2018-07-05,24,18,58
2018-07-06,22,17,61
2018-07-07,21,18,61
2018-07-08,22,17,61
2018-07-09,21,26,53
2018-07-10,24,12,64
2018-07-11,18,24,58
2018-07-12,24,17,59
2018-07-13,30,17,53
2018-07-14,16,26,58
2018-07-15,20,20,60
2018-07-16,18,20,62
2018-07-17,19,31,50
2018-07-18,28,20,52
2018-07-19,26,13,61
2018-07-20,24,18,58
2018-07-21,22,20,58
2018-07-22,30,16,54
2018-07-23,19,35,46
2018-07-24,17,19,64
2018-07-25,20,31,49
2018-07-26,13,31,56
2018-07-27,24,19,57
2018-07-28,20,13,67
2018-07-29,20,17,63
2018-07-30,12,19,69
2018-07-31,13,16,71
2018-08-01,31,11,58
2018-08-02,19,15,66
2018-08-03,24,11,65
2018-08-04,20,20,60
2018-08-05,19,24,57
2018-08-06,17,34,49
2018-08-07,30,17,53
2018-08-08,25,23,52
2018-08-09,19,15,66
2018-08-10,24,14,62
2018-08-11,21,20,59
2018-08-12,18,13,69
2018-08-13,24,12,64
2018-08-14,14,28,58
2018-08-15,20,20,60
2018-08-16,38,8,54
2018-08-17,27,22,51
2018-08-18,25,11,64
2018-08-19,22,17,61
2018-08-20,25,15,60
2018-08-21,26,22,52
2018-08-22,23,18,59
2018-08-23,21,23,56
2018-08-24,22,19,59
2018-08-25,24,12,64
2018-08-26,29,14,57
2018-08-27,21,25,54
2018-08-28,40,22,38
2018-08-29,20,19,61
2018-08-30,16,36,48
2018-08-31,20,23,57
2018-09-01,23,12,65
2018-09-02,23,24,53
2018-09-03,16,16,68
2018-09-04,17,26,57
2018-09-05,27,23,50
2018-09-06,26,21,53
2018-09-07,20,19,61
2018-09-08,20,17,63
2018-09-09,22,21,57
2018-09-10,21,22,57
2018-09-11,33,14,53
2018-09-12,24,6,70
2018-09-13,19,20,61
2018-09-14,21,27,52
2018-09-15,23,21,56
2018-09-16,11,15,74
2018-09-17,22,23,55
2018-09-18,17,26,57
2018-09-19,25,19,56
2018-09-20,26,19,55
2018-09-21,18,25,57
2018-09-22,23,27,50
2018-09-23,0,0,0
2018-09-24,0,0,0
2018-09-25,0,0,0
2018-09-26,0,0,0
2018-09-27,0,0,0
2018-09-28,0,0,0
2018-09-29,0,0,0
2018-09-30,0,0,0
2018-10-01,0,0,0
2018-10-02,0,0,0
2018-10-03,0,0,0
2018-10-04,0,0,0
2018-10-05,0,0,0
2018-10-06,0,0,0
2018-10-07,0,0,0
2018-10-08,0,0,0
2018-10-09,0,0,0
2018-10-10,18,24,58
2018-10-11,20,18,62
2018-10-12,23,17,60
2018-10-13,24,15,61
2018-10-14,16,26,58
2018-10-15,26,14,60
2018-10-16,16,27,57
2018-10-17,16,8,76
2018-10-18,21,12,67
2018-10-19,28,12,60
2018-10-20,29,17,54
2018-10-21,16,22,62
2018-10-22,15,19,66
2018-10-23,19,14,67
2018-10-24,32,16,52
2018-10-25,23,18,59
2018-10-26,22,15,63
2018-10-27,31,14,55
2018-10-28,23,17,60
2018-10-29,20,12,68
2018-10-30,21,22,57
2018-10-31,28,17,55
2018-11-01,33,19,48
2018-11-02,17,21,62
2018-11-03,18,29,53
2018-11-04,28,9,63
2018-11-05,24,28,48
2018-11-06,12,34,54
2018-11-07,18,22,60
2018-11-08,36,13,51
2018-11-09,33,19,48
2018-11-10,19,17,64
2018-11-11,24,12,64
2018-11-12,27,14,59
2018-11-13,6,17,77
2018-11-14,20,24,56
2018-11-15,26,18,56
2018-11-16,11,38,51
2018-11-17,30,13,57
2018-11-18,26,25,49
2018-11-19,18,20,62
2018-11-20,25,12,63
2018-11-21,18,23,59
2018-11-22,12,30,58
2018-11-23,32,20,48
2018-11-24,20,15,65
2018-11-25,21,42,37
2018-11-26,7,37,56
2018-11-27,26,10,64
2018-11-28,14,25,61
2018-11-29,12,41,47
2018-11-30,13,6,81
2018-12-01,19,10,71
2018-12-02,19,20,61
2018-12-03,17,37,46
2018-12-04,16,32,52
2018-12-05,19,23,58
2018-12-06,26,12,62
2018-12-07,19,24,57
2018-12-08,18,22,60
2018-12-09,19,17,64
2018-12-10,24,21,55
2018-12-11,34,24,42
2018-12-12,27,25,48
2018-12-13,18,20,62
2018-12-14,18,27,55
2018-12-15,20,27,53
2018-12-16,25,17,58
2018-12-17,11,27,62
2018-12-18,20,21,59
2018-12-19,23,14,63
2018-12-20,24,17,59
2018-12-21,18,18,64
2018-12-22,25,19,56
2018-12-23,14,9,77
2018-12-24,8,15,77
2018-12-25,14,10,76
2018-12-26,19,12,69
2018-12-27,13,11,76
2018-12-28,17,14,69
2018-12-29,18,20,62
2018-12-30,21,18,61
2018-12-31,29,13,58
2019-01-01,16,17,67
2019-01-02,26,10,64
2019-01-03,16,24,60
2019-01-04,21,20,59
2019-01-05,19,12,69
2019-01-06,25,12,63
2019-01-07,20,14,66
2019-01-08,19,25,56
2019-01-09,18,26,56
2019-01-10,33,16,51
2019-01-11,26,28,46
2019-01-12,21,13,66
2019-01-13,14,24,62
2019-01-14,23,18,59
2019-01-15,24,16,60
2019-01-16,24,19,57
2019-01-17,9,30,61
2019-01-18,23,20,57
2019-01-19,15,23,62
2019-01-20,9,65,26
2019-01-21,26,22,52
2019-01-22,19,13,68
2019-01-23,19,8,73
2019-01-24,7,20,73
2019-01-25,9,13,78
2019-01-26,21,16,63
2019-01-27,12,7,81
2019-01-28,30,20,50
2019-01-29,23,22,55
2019-01-30,29,17,54
2019-01-31,28,33,39
2019-02-01,15,37,48
2019-02-02,23,17,60
2019-02-03,22,19,59
2019-02-04,26,21,53
2019-02-05,14,16,70
2019-02-06,12,7,81
2019-02-07,4,3,93
2019-02-08,24,17,59
2019-02-09,22,18,60
2019-02-10,16,22,62
2019-02-11,10,32,58
2019-02-12,24,27,49
2019-02-13,15,39,46
2019-02-14,5,2,93
2019-02-15,27,21,52
2019-02-16,17,32,51
2019-02-17,25,21,54
2019-02-18,21,15,64
2019-02-19,20,21,59
2019-02-20,27,24,49
2019-02-21,25,18,57
2019-02-22,21,15,64
2019-02-23,25,18,57
2019-02-24,26,26,48
2019-02-25,29,11,60
2019-02-26,17,25,58
2019-02-27,29,17,54
2019-02-28,19,22,59
2019-03-01,20,24,56
2019-03-02,17,30,53
2019-03-03,24,20,56
2019-03-04,17,22,61
2019-03-05,20,21,59
2019-03-06,31,22,47
2019-03-07,23,19,58
2019-03-08,21,21,58
2019-03-09,20,23,57
2019-03-10,28,14,58
2019-03-11,18,30,52
2019-03-12,26,22,52
2019-03-13,22,32,46
2019-03-14,25,23,52
2019-03-15,17,27,56
2019-03-16,27,27,46
2019-03-17,28,26,46
2019-03-18,19,31,50
2019-03-19,20,35,45
2019-03-20,30,22,48
2019-03-21,24,23,53
2019-03-22,27,21,52
2019-03-23,24,25,51
2019-03-24,26,18,56
2019-03-25,22,24,54
2019-03-26,26,25,49
2019-03-27,27,23,50
2019-03-28,19,19,62
2019-03-29,17,26,57
2019-03-30,19,25,56
2019-03-31,22,18,60
2019-04-01,18,32,50
2019-04-02,26,22,52
2019-04-03,16,23,61
2019-04-04,18,22,60
2019-04-05,21,26,53
2019-04-06,27,21,52
2019-04-07,19,27,54
2019-04-08,17,21,62
2019-04-09,23,35,42
2019-04-10,25,36,39
2019-04-11,17,22,61
2019-04-12,23,22,55
2019-04-13,18,16,66
2019-04-14,24,21,55
2019-04-15,17,31,52
2019-04-16,29,18,53
2019-04-17,27,16,57
2019-04-18,27,23,50
2019-04-19,19,17,64
2019-04-20,13,40,47
2019-04-21,36,14,50
2019-04-22,33,11,56
2019-04-23,13,28,59
2019-04-24,27,19,54
2019-04-25,30,15,55
2019-04-26,22,21,57
2019-04-27,17,40,43
2019-04-28,34,18,48
2019-04-29,25,8,67
2019-04-30,16,25,59
2019-05-01,20,31,49
2019-05-02,21,32,47
2019-05-03,20,17,63
2019-05-04,25,21,54
2019-05-05,23,17,60
2019-05-06,16,31,53
2019-05-07,9,43,48
2019-05-08,29,33,38
2019-05-09,18,28,54
2019-05-10,20,31,49
2019-05-11,16,24,60
2019-05-12,21,30,49
2019-05-13,21,21,58
2019-05-14,18,34,48
2019-05-15,30,11,59
2019-05-16,20,37,43
2019-05-17,23,20,57
2019-05-18,30,17,53
2019-05-19,24,22,54
2019-05-20,30,23,47
2019-05-21,20,18,62
2019-05-22,18,24,58
2019-05-23,21,22,57
2019-05-24,24,11,65
2019-05-25,19,20,61
2019-05-26,21,16,63
2019-05-27,17,15,68
2019-05-28,26,20,54
2019-05-29,28,29,43
2019-05-30,16,11,73
2019-05-31,21,14,65
2019-06-01,22,13,65
2019-06-02,27,10,63
2019-06-03,21,21,58
2019-06-04,17,30,53
2019-06-05,23,18,59
2019-06-06,17,41,42
2019-06-07,28,30,42
2019-06-08,19,28,53
2019-06-09,23,20,57
2019-06-10,17,25,58
2019-06-11,33,22,45
2019-06-12,24,13,63
2019-06-13,29,23,48
2019-06-14,26,21,53
2019-06-15,24,19,57
2019-06-16,22,13,65
2019-06-17,31,30,39
2019-06-18,37,24,39
2019-06-19,29,16,55
2019-06-20,19,14,67
2019-06-21,25,15,60
2019-06-22,21,21,58
2019-06-23,15,19,66
2019-06-24,22,17,61
2019-06-25,36,27,37
2019-06-26,28,26,46
2019-06-27,30,22,48
2019-06-28,20,25,55
2019-06-29,30,25,45
2019-06-30,32,24,44
2019-07-01,29,12,59
2019-07-02,33,13,54
2019-07-03,22,17,61
2019-07-04,15,16,69
2019-07-05,25,14,61
2019-07-06,17,15,68
2019-07-07,27,16,57
2019-07-08,27,14,59
2019-07-09,22,16,62
2019-07-10,24,23,53
2019-07-11,22,27,51
2019-07-12,21,23,56
2019-07-13,28,10,62
2019-07-14,20,9,71
2019-07-15,17,22,61
2019-07-16,31,17,52
2019-07-17,22,29,49
2019-07-18,17,16,67
2019-07-19,24,19,57
2019-07-20,21,22,57
2019-07-21,23,29,48
2019-07-22,26,12,62
2019-07-23,17,24,59
2019-07-24,26,20,54
2019-07-25,24,31,45
2019-07-26,30,20,50
2019-07-27,30,14,56
2019-07-28,26,10,64
2019-07-29,21,17,62
2019-07-30,27,22,51
2019-07-31,22,27,51
2019-08-01,22,19,59
2019-08-02,23,18,59
2019-08-03,28,24,48
2019-08-04,15,28,57
2019-08-05,21,14,65
2019-08-06,32,24,44
2019-08-07,18,26,56
2019-08-08,27,24,49
2019-08-09,20,21,59
2019-08-10,21,30,49
2019-08-11,32,15,53
2019-08-12,24,21,55
2019-08-13,15,39,46
2019-08-14,32,11,57
2019-08-15,27,14,59
2019-08-16,30,14,56
2019-08-17,23,19,58
2019-08-18,15,20,65
2019-08-19,33,23,44
2019-08-20,29,29,42
2019-08-21,18,18,64
2019-08-22,24,18,58
2019-08-23,25,21,54
2019-08-24,24,17,59
2019-08-25,20,16,64
2019-08-26,26,22,52
2019-08-27,36,12,52
2019-08-28,12,21,67
2019-08-29,17,26,57
2019-08-30,53,16,31
2019-08-31,31,13,56
2019-09-01,23,22,55
2019-09-02,16,10,74
2019-09-03,21,15,64
2019-09-04,22,21,57
2019-09-05,20,29,51
2019-09-06,35,24,41
2019-09-07,11,41,48
2019-09-08,26,29,45
2019-09-09,22,46,32
2019-09-10,20,27,53
2019-09-11,26,17,57
2019-09-12,23,33,44
2019-09-13,14,29,57
2019-09-14,15,31,54
2019-09-15,18,26,56
2019-09-16,26,22,52
2019-09-17,24,29,47
2019-09-18,24,27,49
2019-09-19,16,26,58
2019-09-20,20,21,59
2019-09-21,44,8,48
2019-09-22,28,20,52
2019-09-23,12,8,80
2019-09-24,23,24,53
2019-09-25,30,22,48
2019-09-26,18,26,56
2019-09-27,16,33,51
2019-09-28,17,19,64
2019-09-29,16,21,63
2019-09-30,21,31,48
2019-10-01,21,16,63
2019-10-02,20,18,62
2019-10-03,27,23,50
2019-10-04,20,29,51
2019-10-05,20,22,58
2019-10-06,16,25,59
2019-10-07,29,21,50
2019-10-08,24,24,52
2019-10-09,26,23,51
2019-10-10,22,31,47
2019-10-11,23,18,59
2019-10-12,33,13,54
2019-10-13,19,16,65
2019-10-14,15,31,54
2019-10-15,15,39,46
2019-10-16,12,42,46
2019-10-17,16,42,42
2019-10-18,14,49,37
2019-10-19,18,30,52
2019-10-20,17,8,75
2019-10-21,20,22,58
2019-10-22,14,33,53
2019-10-23,18,32,50
2019-10-24,22,44,34
2019-10-25,13,14,73
2019-10-26,17,21,62
2019-10-27,25,16,59
2019-10-28,23,32,45
2019-10-29,20,26,54
2019-10-30,24,31,45
2019-10-31,19,13,68
2019-11-01,7,18,75
2019-11-02,19,25,56
2019-11-03,24,19,57
2019-11-04,9,26,65
2019-11-05,32,12,56
2019-11-06,20,17,63
2019-11-07,29,22,49
2019-11-08,43,12,45
2019-11-09,32,18,50
2019-11-10,16,19,65
2019-11-11,29,24,47
2019-11-12,19,25,56
2019-11-13,22,20,58
2019-11-14,37,21,42
2019-11-15,23,23,54
2019-11-16,19,17,64
2019-11-17,14,61,25
2019-11-18,15,33,52
2019-11-19,16,39,45
2019-11-20,13,17,70
2019-11-21,28,13,59
2019-11-22,25,24,51
2019-11-23,29,11,60
2019-11-24,19,21,60
2019-11-25,22,18,60
2019-11-26,26,22,52
2019-11-27,18,17,65
2019-11-28,15,31,54
2019-11-29,16,24,60
2019-11-30,16,22,62
2019-12-01,25,31,44
2019-12-02,25,19,56
2019-12-03,37,25,38
2019-12-04,26,29,45
2019-12-05,19,13,68
2019-12-06,20,24,56
2019-12-07,30,28,42
2019-12-08,17,21,62
2019-12-09,18,19,63
2019-12-10,15,28,57
2019-12-11,15,22,63
2019-12-12,22,20,58
2019-12-13,23,19,58
2019-12-14,20,14,66
2019-12-15,24,25,51
2019-12-16,37,16,47
2019-12-17,25,22,53
2019-12-18,20,14,66
2019-12-19,25,18,57
2019-12-20,23,17,60
2019-12-21,16,18,66
2019-12-22,14,25,61
2019-12-23,32,20,48
2019-12-24,28,23,49
2019-12-25,18,13,69
2019-12-26,15,21,64
2019-12-27,27,20,53
2019-12-28,16,39,45
2019-12-29,16,29,55
2019-12-30,24,27,49
2019-12-31,20,22,58
2020-01-01,29,10,61
2020-01-02,26,22,52
2020-01-03,44,14,42
2020-01-04,25,19,56
2020-01-05,20,21,59
2020-01-06,29,15,56
2020-01-07,26,23,51
2020-01-08,20,11,69
2020-01-09,20,43,37
2020-01-10,32,16,52
2020-01-11,20,21,59
2020-01-12,24,12,64
2020-01-13,28,16,56
2020-01-14,31,14,55
2020-01-15,21,10,69
2020-01-16,25,18,57
2020-01-17,22,19,59
2020-01-18,27,19,54
2020-01-19,24,13,63
2020-01-20,30,15,55
2020-01-21,28,18,54
2020-01-22,20,22,58
2020-01-23,29,17,54
2020-01-24,21,16,63
2020-01-25,17,17,66
2020-01-26,26,20,54
2020-01-27,17,28,55
2020-01-28,15,16,69
2020-01-29,16,29,55
2020-01-30,28,12,60
2020-01-31,21,30,49
2020-02-01,21,20,59
2020-02-02,17,28,55
2020-02-03,15,13,72
2020-02-04,34,16,50
2020-02-05,25,21,54
2020-02-06,33,22,45
2020-02-07,13,10,77
2020-02-08,29,17,54
2020-02-09,23,17,60
2020-02-10,14,21,65
2020-02-11,27,10,63
2020-02-12,18,20,62
2020-02-13,18,19,63
2020-02-14,21,20,59
2020-02-15,16,13,71
2020-02-16,18,17,65
2020-02-17,27,14,59
2020-02-18,23,24,53
2020-02-19,22,17,61
2020-02-20,23,16,61
2020-02-21,27,35,38
2020-02-22,39,16,45
2020-02-23,20,21,59
2020-02-24,14,7,79
2020-02-25,26,14,60
2020-02-26,37,19,44
2020-02-27,19,19,62
2020-02-28,18,11,71
2020-02-29,31,19,50
2020-03-01,31,12,57
2020-03-02,15,19,66
2020-03-03,18,16,66
2020-03-04,19,15,66
2020-03-05,22,21,57
2020-03-06,22,25,53
2020-03-07,29,16,55
2020-03-08,29,18,53
2020-03-09,20,15,65
2020-03-10,24,17,59
2020-03-11,25,11,64
2020-03-12,14,12,74
2020-03-13,19,17,64
2020-03-14,19,27,54
2020-03-15,22,22,56
2020-03-16,21,17,62
2020-03-17,27,16,57
2020-03-18,17,17,66
2020-03-19,16,16,68
2020-03-20,17,23,60
2020-03-21,15,26,59
2020-03-22,15,26,59
2020-03-23,22,27,51
2020-03-24,41,10,49
2020-03-25,11,14,75
2020-03-26,20,18,62
2020-03-27,19,19,62
2020-03-28,29,16,55
2020-03-29,28,7,65
2020-03-30,21,5,74
2020-03-31,49,12,39
2020-04-01,34,15,51
2020-04-02,28,18,54
2020-04-03,23,30,47
2020-04-04,21,22,57
2020-04-05,16,33,51
2020-04-06,15,18,67
2020-04-07,19,22,59
2020-04-08,13,29,58
2020-04-09,12,13,75
2020-04-10,13,34,53
2020-04-11,21,24,55
2020-04-12,21,11,68
2020-04-13,21,12,67
2020-04-14,32,17,51
2020-04-15,16,15,69
2020-04-16,33,16,51
2020-04-17,17,13,70
2020-04-18,21,10,69
2020-04-19,25,6,69
2020-04-20,23,16,61
2020-04-21,17,25,58
2020-04-22,31,19,50
2020-04-23,25,14,61
2020-04-24,10,17,73
2020-04-25,24,9,67
2020-04-26,24,17,59
2020-04-27,26,11,63
2020-04-28,24,19,57
2020-04-29,20,18,62
2020-04-30,17,11,72
2020-05-01,18,23,59
2020-05-02,14,20,66
2020-05-03,26,17,57
2020-05-04,17,25,58
2020-05-05,21,16,63
2020-05-06,17,13,70
2020-05-07,26,12,62
2020-05-08,14,29,57
2020-05-09,27,27,46
2020-05-10,19,19,62
2020-05-11,12,22,66
2020-05-12,14,11,75
2020-05-13,19,18,63
2020-05-14,21,12,67
2020-05-15,22,21,57
2020-05-16,17,14,69
2020-05-17,18,11,71
2020-05-18,15,19,66
2020-05-19,25,16,59
2020-05-20,20,11,69
2020-05-21,23,14,63
2020-05-22,25,18,57
2020-05-23,9,12,79
2020-05-24,15,15,70
2020-05-25,30,16,54
2020-05-26,11,13,76
2020-05-27,16,20,64
2020-05-28,25,24,51
2020-05-29,25,28,47
2020-05-30,21,17,62
2020-05-31,25,22,53
2020-06-01,22,15,63
2020-06-02,21,15,64
2020-06-03,23,6,71
2020-06-04,14,11,75
2020-06-05,19,20,61
2020-06-06,19,15,66
2020-06-07,16,20,64
2020-06-08,19,22,59
2020-06-09,23,15,62
2020-06-10,21,10,69
2020-06-11,24,16,60
2020-06-12,28,10,62
2020-06-13,22,10,68
2020-06-14,24,10,66
2020-06-15,17,6,77
2020-06-16,9,27,64
2020-06-17,22,20,58
2020-06-18,23,13,64
2020-06-19,29,16,55
2020-06-20,20,8,72
2020-06-21,15,23,62
2020-06-22,17,6,77
2020-06-23,20,12,68
2020-06-24,13,16,71
2020-06-25,13,14,73
2020-06-26,8,13,79
2020-06-27,10,31,59
2020-06-28,18,9,73
2020-06-29,15,8,77
2020-06-30,17,11,72
2020-07-01,18,7,75
2020-07-02,24,6,70
2020-07-03,15,16,69
2020-07-04,15,14,71
2020-07-05,12,2,86
2020-07-06,13,5,82
2020-07-07,11,9,80
2020-07-08,14,6,80
2020-07-09,30,22,48
2020-07-10,16,16,68
2020-07-11,25,16,59
2020-07-12,19,15,66
2020-07-13,16,18,66
2020-07-14,14,13,73
2020-07-15,17,21,62
2020-07-16,24,19,57
2020-07-17,31,12,57
2020-07-18,23,16,61
2020-07-19,23,24,53
2020-07-20,32,12,56
2020-07-21,15,11,74
2020-07-22,13,13,74
2020-07-23,16,9,75
2020-07-24,15,11,74
2020-07-25,11,18,71
2020-07-26,13,9,78
2020-07-27,23,14,63
2020-07-28,16,13,71
2020-07-29,17,14,69
2020-07-30,14,14,72
2020-07-31,9,10,81
2020-08-01,26,15,59
2020-08-02,10,2,88
2020-08-03,14,9,77
2020-08-04,12,10,78
2020-08-05,12,11,77
2020-08-06,16,9,75
2020-08-07,10,7,83
2020-08-08,16,6,78
2020-08-09,13,9,78
2020-08-10,17,6,77
2020-08-11,6,3,91
2020-08-12,12,3,85
2020-08-13,12,13,75
2020-08-14,15,10,75
2020-08-15,14,10,76
2020-08-16,11,7,82
2020-08-17,16,10,74
2020-08-18,7,10,83
2020-08-19,19,13,68
2020-08-20,11,14,75
2020-08-21,15,12,73
2020-08-22,10,8,82
2020-08-23,11,10,79
2020-08-24,18,22,60
2020-08-25,15,10,75
2020-08-26,17,12,71
2020-08-27,16,17,67
2020-08-28,13,20,67
2020-08-29,19,9,72
2020-08-30,10,18,72
2020-08-31,17,4,79
2020-09-01,14,8,78
2020-09-02,16,8,76
2020-09-03,8,4,88
2020-09-04,17,19,64
2020-09-05,15,7,78
2020-09-06,15,16,69
2020-09-07,19,11,70
2020-09-08,20,12,68
2020-09-09,12,20,68
2020-09-10,17,9,74
2020-09-11,22,28,50
2020-09-12,17,13,70
2020-09-13,21,17,62
2020-09-14,17,35,48
2020-09-15,21,19,60
2020-09-16,25,18,57
2020-09-17,38,8,54
2020-09-18,26,15,59
2020-09-19,20,18,62
2020-09-20,24,16,60
2020-09-21,25,11,64
2020-09-22,21,23,56
2020-09-23,19,23,58
2020-09-24,15,29,56
2020-09-25,32,11,57
2020-09-26,16,30,54
2020-09-27,13,25,62
2020-09-28,18,16,66
2020-09-29,24,16,60
2020-09-30,26,29,45
2020-10-01,16,22,62
2020-10-02,20,23,57
2020-10-03,19,15,66
2020-10-04,21,14,65
2020-10-05,24,20,56
2020-10-06,20,27,53
2020-10-07,20,34,46
2020-10-08,19,20,61
2020-10-09,15,27,58
2020-10-10,19,19,62
2020-10-11,32,16,52
2020-10-12,26,12,62
2020-10-13,20,37,43
2020-10-14,18,35,47
2020-10-15,21,15,64
2020-10-16,24,43,33
2020-10-17,22,18,60
2020-10-18,26,28,46
2020-10-19,16,21,63
2020-10-20,27,22,51
2020-10-21,22,20,58
2020-10-22,24,21,55
2020-10-23,28,26,46
2020-10-24,31,15,54
2020-10-25,21,23,56
2020-10-26,18,25,57
2020-10-27,21,35,44
2020-10-28,25,23,52
2020-10-29,20,18,62
2020-10-30,28,15,57
2020-10-31,19,13,68
2020-11-01,19,14,67
2020-11-02,27,17,56
2020-11-03,31,14,55
2020-11-04,31,16,53
2020-11-05,23,22,55
2020-11-06,29,11,60
2020-11-07,26,20,54
2020-11-08,26,10,64
2020-11-09,17,5,78
2020-11-10,28,12,60
2020-11-11,24,16,60
2020-11-12,18,20,62
2020-11-13,19,20,61
2020-11-14,24,17,59
2020-11-15,27,15,58
2020-11-16,23,18,59
2020-11-17,29,20,51
2020-11-18,24,29,47
2020-11-19,25,17,58
2020-11-20,33,17,50
2020-11-21,22,25,53
2020-11-22,30,14,56
2020-11-23,29,9,62
2020-11-24,21,14,65
2020-11-25,27,9,64
2020-11-26,26,18,56
2020-11-27,24,16,60
2020-11-28,24,20,56
2020-11-29,19,11,70
2020-11-30,25,21,54
2020-12-01,22,21,57
2020-12-02,18,21,61
2020-12-03,23,12,65
2020-12-04,9,22,69
2020-12-05,20,10,70
2020-12-06,18,44,38
2020-12-07,22,18,60
2020-12-08,10,10,80
2020-12-09,15,9,76
2020-12-10,22,21,57
2020-12-11,26,14,60
2020-12-12,8,14,78
2020-12-13,16,6,78
2020-12-14,23,26,51
2020-12-15,23,17,60
2020-12-16,22,18,60
2020-12-17,20,11,69
2020-12-18,11,24,65
2020-12-19,17,6,77
2020-12-20,18,40,42
2020-12-21,18,22,60
2020-12-22,20,30,50
2020-12-23,17,37,46
2020-12-24,20,21,59
2020-12-25,15,22,63
2020-12-26,18,16,66
2020-12-27,18,10,72
2020-12-28,17,25,58
2020-12-29,23,14,63
2020-12-30,30,16,54
2020-12-31,17,19,64
2021-01-01,21,16,63
2021-01-02,26,23,51
2021-01-03,22,13,65
2021-01-04,21,20,59
2021-01-05,3,7,90
2021-01-06,21,18,61
2021-01-07,19,22,59
2021-01-08,23,31,46
2021-01-09,22,13,65
2021-01-10,22,16,62
2021-01-11,26,19,55
2021-01-12,22,16,62
2021-01-13,22,17,61
2021-01-14,22,24,54
2021-01-15,20,25,55
2021-01-16,19,18,63
2021-01-17,27,9,64
2021-01-18,20,17,63
2021-01-19,23,19,58
2021-01-20,23,17,60
2021-01-21,18,20,62
2021-01-22,14,25,61
2021-01-23,31,12,57
2021-01-24,25,8,67
2021-01-25,21,25,54
2021-01-26,28,18,54
2021-01-27,27,24,49
2021-01-28,22,18,60
2021-01-29,44,10,46
2021-01-30,45,12,43
2021-01-31,27,25,48
2021-02-01,19,20,61
2021-02-02,22,24,54
2021-02-03,16,12,72
2021-02-04,27,24,49
2021-02-05,18,19,63
2021-02-06,32,11,57
2021-02-07,21,8,71
2021-02-08,25,8,67
2021-02-09,19,25,56
2021-02-10,11,19,70
2021-02-11,18,19,63
2021-02-12,20,31,49
2021-02-13,23,17,60
2021-02-14,20,22,58
2021-02-15,20,14,66
2021-02-16,17,17,66
2021-02-17,20,12,68
2021-02-18,24,22,54
2021-02-19,27,16,57
2021-02-20,20,25,55
2021-02-21,24,21,55
2021-02-22,7,3,90
2021-02-23,22,23,55
2021-02-24,29,21,50
2021-02-25,29,13,58
2021-02-26,32,13,55
2021-02-27,23,10,67
2021-02-28,20,16,64
2021-03-01,21,15,64
2021-03-02,17,20,63
2021-03-03,22,12,66
2021-03-04,24,22,54
2021-03-05,18,11,71
2021-03-06,25,17,58
2021-03-07,21,23,56
2021-03-08,27,26,47
2021-03-09,24,18,58
2021-03-10,19,10,71
2021-03-11,20,15,65
2021-03-12,22,22,56
2021-03-13,16,20,64
2021-03-14,24,10,66
2021-03-15,24,12,64
2021-03-16,21,21,58
2021-03-17,26,15,59
2021-03-18,26,16,58
2021-03-19,24,17,59
2021-03-20,12,7,81
2021-03-21,15,19,66
2021-03-22,10,19,71
2021-03-23,32,13,55
2021-03-24,19,13,68
2021-03-25,26,21,53
2021-03-26,21,17,62
2021-03-27,22,25,53
2021-03-28,18,16,66
2021-03-29,16,14,70
2021-03-30,16,15,69
2021-03-31,22,21,57
2021-04-01,21,12,67
2021-04-02,16,18,66
2021-04-03,0,0,0
2021-04-04,22,17,61
2021-04-05,23,12,65
2021-04-06,20,14,66
2021-04-07,35,22,43
2021-04-08,25,25,50
2021-04-09,24,15,61
2021-04-10,26,12,62
2021-04-11,20,13,67
2021-04-12,31,16,53
2021-04-13,22,12,66
2021-04-14,17,23,60
2021-04-15,25,13,62
2021-04-16,21,13,66
2021-04-17,12,19,69
2021-04-18,20,22,58
2021-04-19,22,19,59
2021-04-20,27,19,54
2021-04-21,16,13,71
2021-04-22,30,22,48
2021-04-23,33,23,44
2021-04-24,13,12,75
2021-04-25,22,6,72
2021-04-26,21,11,68
2021-04-27,19,12,69
2021-04-28,25,23,52
2021-04-29,15,28,57
2021-04-30,28,18,54
2021-05-01,21,21,58
2021-05-02,24,15,61
2021-05-03,25,25,50
2021-05-04,20,10,70
2021-05-05,19,16,65
2021-05-06,33,15,52
2021-05-07,21,26,53
2021-05-08,39,8,53
2021-05-09,17,14,69
2021-05-10,30,11,59
2021-05-11,19,11,70
2021-05-12,34,7,59
2021-05-13,20,12,68
2021-05-14,31,17,52
2021-05-15,20,11,69
2021-05-16,25,8,67
2021-05-17,20,25,55
2021-05-18,34,22,44
2021-05-19,14,20,66
2021-05-20,27,19,54
2021-05-21,27,17,56
2021-05-22,31,15,54
2021-05-23,23,14,63
2021-05-24,23,14,63
2021-05-25,24,23,53
2021-05-26,19,20,61
2021-05-27,24,11,65
2021-05-28,20,8,72
2021-05-29,14,7,79
2021-05-30,36,9,55
2021-05-31,19,16,65
2021-06-01,28,16,56
2021-06-02,33,13,54
2021-06-03,32,11,57
2021-06-04,25,23,52
2021-06-05,24,12,64
2021-06-06,13,20,67
2021-06-07,30,12,58
2021-06-08,32,13,55
2021-06-09,22,14,64
2021-06-10,22,19,59
2021-06-11,12,20,68
2021-06-12,18,14,68
2021-06-13,17,19,64
2021-06-14,22,16,62
2021-06-15,20,20,60
2021-06-16,16,17,67
2021-06-17,28,11,61
2021-06-18,27,17,56
2021-06-19,23,12,65
2021-06-20,25,26,49
2021-06-21,28,12,60
2021-06-22,22,21,57
2021-06-23,21,14,65
2021-06-24,24,18,58
2021-06-25,30,16,54
2021-06-26,26,12,62
2021-06-27,21,12,67
2021-06-28,14,16,70
2021-06-29,17,17,66
2021-06-30,23,17,60
2021-07-01,19,17,64
2021-07-02,19,14,67
2021-07-03,22,18,60
2021-07-04,18,23,59
2021-07-05,21,15,64
2021-07-06,0,0,0
2021-07-07,0,0,0
2021-07-08,0,0,0
2021-07-09,0,0,0
2021-07-10,0,0,0
2021-07-11,0,0,0
2021-07-12,0,0,0
2021-07-13,0,0,0
2021-07-14,0,0,0
2021-07-15,0,0,0
2021-07-16,0,0,0
2021-07-17,0,0,0
2021-07-18,0,0,0
2021-07-19,0,0,0
2021-07-20,0,0,0
2021-07-21,0,0,0
2021-07-22,0,0,0
2021-07-23,0,0,0
2021-07-24,0,0,0
2021-07-25,0,0,0
2021-07-26,0,0,0
2021-07-27,0,0,0
2021-07-28,0,0,0
2021-07-29,0,0,0
2021-07-30,0,0,0
2021-07-31,0,0,0
2021-08-01,0,0,0
2021-08-02,0,0,0
2021-08-03,0,0,0
2021-08-04,0,0,0
2021-08-05,22,15,63
2021-08-06,35,23,42
2021-08-07,25,14,61
2021-08-08,28,17,55
2021-08-09,31,12,57
2021-08-10,30,14,56
2021-08-11,25,20,55
2021-08-12,23,17,60
2021-08-13,26,27,47
2021-08-14,22,25,53
2021-08-15,17,30,53
2021-08-16,27,18,55
2021-08-17,13,29,58
2021-08-18,23,9,68
2021-08-19,21,22,57
2021-08-20,23,18,59
2021-08-21,26,18,56
2021-08-22,32,14,54
2021-08-23,27,14,59
2021-08-24,28,11,61
2021-08-25,22,18,60
2021-08-26,22,16,62
2021-08-27,31,17,52
2021-08-28,26,11,63
2021-08-29,14,24,62
2021-08-30,22,15,63
2021-08-31,18,22,60
2021-09-01,23,8,69
2021-09-02,30,15,55
2021-09-03,13,8,79
2021-09-04,24,24,52
2021-09-05,25,15,60
2021-09-06,17,35,48
2021-09-07,23,21,56
2021-09-08,19,15,66
2021-09-09,14,13,73
2021-09-10,24,21,55
2021-09-11,20,15,65
2021-09-12,20,19,61
2021-09-13,29,13,58
2021-09-14,23,15,62
2021-09-15,29,14,57
2021-09-16,29,17,54
2021-09-17,24,15,61
2021-09-18,22,19,59
2021-09-19,25,12,63
2021-09-20,22,22,56
2021-09-21,17,21,62
2021-09-22,22,16,62
2021-09-23,25,17,58
2021-09-24,12,17,71
2021-09-25,15,17,68
2021-09-26,28,13,59
2021-09-27,22,12,66
2021-09-28,34,14,52
2021-09-29,18,19,63
2021-09-30,21,15,64
2021-10-01,19,12,69
2021-10-02,21,11,68
2021-10-03,18,18,64
2021-10-04,23,24,53
2021-10-05,24,25,51
2021-10-06,10,12,78
2021-10-07,18,12,70
2021-10-08,26,14,60
2021-10-09,26,9,65
2021-10-10,25,18,57
2021-10-11,21,25,54
2021-10-12,25,11,64
2021-10-13,25,23,52
2021-10-14,26,12,62
2021-10-15,24,20,56
2021-10-16,23,10,67
2021-10-17,26,8,66
2021-10-18,27,16,57
2021-10-19,25,26,49
2021-10-20,31,14,55
2021-10-21,25,14,61
2021-10-22,16,13,71
2021-10-23,35,13,52
2021-10-24,21,21,58
2021-10-25,19,6,75
2021-10-26,29,12,59
2021-10-27,24,15,61
2021-10-28,21,21,58
2021-10-29,19,29,52
2021-10-30,31,13,56
2021-10-31,22,13,65
2021-11-01,18,9,73
2021-11-02,19,16,65
2021-11-03,14,22,64
2021-11-04,20,16,64
2021-11-05,21,15,64
2021-11-06,23,11,66
2021-11-07,20,12,68
2021-11-08,17,16,67
2021-11-09,15,12,73
2021-11-10,15,16,69
2021-11-11,28,14,58
2021-11-12,15,14,71
2021-11-13,23,8,69
2021-11-14,20,11,69
2021-11-15,30,18,52
2021-11-16,29,20,51
2021-11-17,30,12,58
2021-11-18,17,15,68
2021-11-19,19,14,67
2021-11-20,25,23,52
2021-11-21,28,10,62
2021-11-22,20,10,70
2021-11-23,29,11,60
2021-11-24,24,12,64
2021-11-25,25,13,62
2021-11-26,24,13,63
2021-11-27,20,17,63
2021-11-28,23,18,59
2021-11-29,25,14,61
2021-11-30,31,15,54
2021-12-01,32,8,60
2021-12-02,25,20,55
2021-12-03,21,18,61
2021-12-04,26,11,63
2021-12-05,27,14,59
2021-12-06,23,22,55
2021-12-07,29,16,55
2021-12-08,21,13,66
2021-12-09,23,13,64
2021-12-10,24,21,55
2021-12-11,20,9,71
2021-12-12,25,15,60
2021-12-13,12,23,65
2021-12-14,24,13,63
2021-12-15,30,18,52
2021-12-16,25,11,64
2021-12-17,26,11,63
2021-12-18,24,14,62
2021-12-19,17,14,69
2021-12-20,34,10,56
2021-12-21,28,13,59
2021-12-22,20,13,67
2021-12-23,17,9,74
2021-12-24,25,20,55
2021-12-25,22,15,63
2021-12-26,22,11,67
2021-12-27,22,9,69
2021-12-28,22,15,63
2021-12-29,30,9,61
2021-12-30,32,15,53
2021-12-31,24,15,61
2022-01-01,30,11,59
2022-01-02,30,8,62
2022-01-03,24,20,56
2022-01-04,15,14,71
2022-01-05,27,11,62
2022-01-06,21,26,53
2022-01-07,22,28,50
2022-01-08,20,12,68
2022-01-09,17,16,67
2022-01-10,22,18,60
2022-01-11,28,7,65
2022-01-12,35,19,46
2022-01-13,13,15,72
2022-01-14,32,14,54
2022-01-15,31,12,57
2022-01-16,21,9,70
2022-01-17,38,24,38
2022-01-18,25,20,55
2022-01-19,27,26,47
2022-01-20,20,21,59
2022-01-21,22,18,60
2022-01-22,21,13,66
2022-01-23,20,8,72
2022-01-24,41,19,40
2022-01-25,26,11,63
2022-01-26,22,18,60
2022-01-27,17,28,55
2022-01-28,19,27,54
2022-01-29,18,14,68
2022-01-30,27,13,60
2022-01-31,13,18,69
2022-02-01,20,10,70
2022-02-02,20,34,46
2022-02-03,24,16,60
2022-02-04,28,20,52
2022-02-05,28,15,57
2022-02-06,17,23,60
2022-02-07,17,22,61
2022-02-08,21,17,62
2022-02-09,13,15,72
2022-02-10,21,12,67
2022-02-11,28,19,53
2022-02-12,21,14,65
2022-02-13,12,7,81
2022-02-14,16,13,71
2022-02-15,21,22,57
2022-02-16,19,15,66
2022-02-17,23,15,62
2022-02-18,27,14,59
2022-02-19,23,22,55
2022-02-20,20,15,65
2022-02-21,22,17,61
2022-02-22,25,12,63
2022-02-23,21,14,65
2022-02-24,22,21,57
2022-02-25,29,9,62
2022-02-26,20,9,71
2022-02-27,23,15,62
2022-02-28,25,12,63
2022-03-01,25,14,61
2022-03-02,37,17,46
2022-03-03,22,11,67
2022-03-04,29,14,57
2022-03-05,29,22,49
2022-03-06,19,12,69
2022-03-07,20,24,56
2022-03-08,22,38,40
2022-03-09,26,21,53
2022-03-10,27,15,58
2022-03-11,29,16,55
2022-03-12,30,22,48
2022-03-13,20,14,66
2022-03-14,25,19,56
2022-03-15,34,18,48
2022-03-16,27,17,56
2022-03-17,24,12,64
2022-03-18,27,16,57
2022-03-19,20,16,64
2022-03-20,28,10,62
2022-03-21,50,9,41
2022-03-22,26,17,57
2022-03-23,26,13,61
2022-03-24,22,22,56
2022-03-25,46,9,45
2022-03-26,33,15,52
2022-03-27,49,4,47
2022-03-28,26,15,59
2022-03-29,19,35,46
2022-03-30,38,13,49
2022-03-31,16,21,63
2022-04-01,28,12,60
2022-04-02,35,16,49
2022-04-03,31,14,55
2022-04-04,24,13,63
2022-04-05,30,27,43
2022-04-06,20,19,61
2022-04-07,31,16,53
2022-04-08,35,18,47
2022-04-09,30,24,46
2022-04-10,24,16,60
2022-04-11,48,8,44
2022-04-12,24,24,52
2022-04-13,32,15,53
2022-04-14,21,14,65
2022-04-15,17,10,73
2022-04-16,35,11,54
2022-04-17,42,9,49
2022-04-18,28,16,56
2022-04-19,46,6,48
2022-04-20,23,16,61
2022-04-21,23,9,68
2022-04-22,24,12,64
2022-04-23,21,14,65
2022-04-24,28,9,63
2022-04-25,26,16,58
2022-04-26,24,12,64
2022-04-27,18,12,70
2022-04-28,20,11,69
2022-04-29,21,11,68
2022-04-30,37,17,46
2022-05-01,20,7,73
2022-05-02,24,10,66
2022-05-03,27,24,49
2022-05-04,9,18,73
2022-05-05,27,15,58
2022-05-06,24,24,52
2022-05-07,27,20,53
2022-05-08,39,11,50
2022-05-09,25,18,57
2022-05-10,27,16,57
2022-05-11,26,19,55
2022-05-12,34,15,51
2022-05-13,28,15,57
2022-05-14,48,11,41
2022-05-15,24,15,61
2022-05-16,18,14,68
2022-05-17,26,19,55
2022-05-18,10,13,77
2022-05-19,22,17,61
2022-05-20,21,12,67
2022-05-21,22,18,60
2022-05-22,40,6,54
2022-05-23,18,24,58
2022-05-24,21,26,53
2022-05-25,19,20,61
2022-05-26,17,23,60
2022-05-27,21,18,61
2022-05-28,28,7,65
2022-05-29,27,12,61
2022-05-30,40,13,47
2022-05-31,24,14,62
2022-06-01,18,19,63
2022-06-02,8,15,77
2022-06-03,23,8,69
2022-06-04,19,24,57
2022-06-05,25,11,64
2022-06-06,18,8,74
2022-06-07,24,19,57
2022-06-08,20,20,60
2022-06-09,21,15,64
2022-06-10,20,20,60
2022-06-11,42,19,39
2022-06-12,24,13,63
2022-06-13,13,40,47
2022-06-14,16,23,61
2022-06-15,23,25,52
2022-06-16,23,25,52
2022-06-17,18,22,60
2022-06-18,27,17,56
2022-06-19,23,20,57
2022-06-20,16,11,73
2022-06-21,15,16,69
2022-06-22,19,15,66
2022-06-23,26,13,61
2022-06-24,16,13,71
2022-06-25,23,14,63
2022-06-26,22,16,62
2022-06-27,16,20,64
2022-06-28,22,19,59
2022-06-29,26,14,60
2022-06-30,25,10,65
2022-07-01,18,24,58
2022-07-02,23,16,61
2022-07-03,29,10,61
2022-07-04,18,11,71
2022-07-05,16,23,61
2022-07-06,27,16,57
2022-07-07,25,18,57
2022-07-08,17,26,57
2022-07-09,19,15,66
2022-07-10,25,13,62
2022-07-11,19,16,65
2022-07-12,25,12,63
2022-07-13,26,13,61
2022-07-14,19,15,66
2022-07-15,16,16,68
2022-07-16,23,17,60
2022-07-17,25,12,63
2022-07-18,29,12,59
2022-07-19,25,24,51
2022-07-20,21,24,55
2022-07-21,26,16,58
2022-07-22,20,15,65
2022-07-23,21,20,59
2022-07-24,21,17,62
2022-07-25,17,26,57
2022-07-26,42,16,42
2022-07-27,20,17,63
2022-07-28,17,20,63
2022-07-29,27,13,60
2022-07-30,34,12,54
2022-07-31,31,18,51
2022-08-01,12,17,71
2022-08-02,29,18,53
2022-08-03,43,12,45
2022-08-04,20,16,64
2022-08-05,15,21,64
2022-08-06,17,14,69
2022-08-07,21,14,65
2022-08-08,23,18,59
2022-08-09,34,18,48
2022-08-10,23,16,61
2022-08-11,18,17,65
2022-08-12,25,20,55
2022-08-13,25,20,55
2022-08-14,24,16,60
2022-08-15,17,22,61
2022-08-16,19,17,64
2022-08-17,27,10,63
2022-08-18,13,27,60
2022-08-19,31,18,51
2022-08-20,30,17,53
2022-08-21,21,13,66
2022-08-22,25,15,60
2022-08-23,28,27,45
2022-08-24,27,11,62
2022-08-25,21,11,68
2022-08-26,30,19,51
2022-08-27,24,16,60
2022-08-28,20,12,68
2022-08-29,24,15,61
2022-08-30,24,10,66
2022-08-31,22,26,52
2022-09-01,26,15,59
2022-09-02,23,18,59
2022-09-03,19,16,65
2022-09-04,29,23,48
2022-09-05,17,14,69
2022-09-06,23,23,54
2022-09-07,28,21,51
2022-09-08,20,14,66
2022-09-09,23,21,56
2022-09-10,9,12,79
2022-09-11,26,20,54
2022-09-12,14,29,57
2022-09-13,22,21,57
2022-09-14,17,26,57
2022-09-15,32,10,58
2022-09-16,23,17,60
2022-09-17,30,16,54
2022-09-18,31,22,47
2022-09-19,20,20,60
2022-09-20,33,18,49
2022-09-21,40,23,37
2022-09-22,27,16,57
2022-09-23,24,31,45
2022-09-24,24,15,61
2022-09-25,29,17,54
2022-09-26,18,18,64
2022-09-27,18,20,62
2022-09-28,26,19,55
2022-09-29,24,35,41
2022-09-30,28,21,51
2022-10-01,25,15,60
2022-10-02,26,12,62
2022-10-03,33,13,54
2022-10-04,21,15,64
2022-10-05,30,22,48
2022-10-06,27,27,46
2022-10-07,26,20,54
2022-10-08,16,26,58
2022-10-09,26,29,45
2022-10-10,22,21,57
2022-10-11,17,19,64
2022-10-12,18,16,66
2022-10-13,16,13,71
2022-10-14,27,15,58
2022-10-15,30,15,55
2022-10-16,19,17,64
2022-10-17,20,12,68
2022-10-18,18,20,62
2022-10-19,18,36,46
2022-10-20,19,16,65
2022-10-21,22,20,58
2022-10-22,25,12,63
2022-10-23,27,15,58
2022-10-24,25,12,63
2022-10-25,20,17,63
2022-10-26,22,15,63
2022-10-27,24,12,64
2022-10-28,17,13,70
2022-10-29,16,20,64
2022-10-30,16,11,73
2022-10-31,22,18,60
2022-11-01,17,21,62
2022-11-02,25,18,57
2022-11-03,20,24,56
2022-11-04,30,10,60
2022-11-05,19,34,47
2022-11-06,23,20,57
2022-11-07,23,26,51
2022-11-08,16,15,69
2022-11-09,20,20,60
2022-11-10,28,23,49
2022-11-11,26,22,52
2022-11-12,22,22,56
2022-11-13,26,18,56
2022-11-14,24,18,58
2022-11-15,20,17,63
2022-11-16,32,19,49
2022-11-17,23,15,62
2022-11-18,31,12,57
2022-11-19,22,16,62
2022-11-20,25,20,55
2022-11-21,26,21,53
2022-11-22,31,18,51
2022-11-23,16,16,68
2022-11-24,19,12,69
2022-11-25,25,16,59
2022-11-26,13,18,69
2022-11-27,19,15,66
2022-11-28,22,10,68
2022-11-29,17,15,68
2022-11-30,23,12,65
2022-12-01,15,22,63
2022-12-02,26,13,61
2022-12-03,30,13,57
2022-12-04,27,13,60
2022-12-05,14,12,74
2022-12-06,23,16,61
2022-12-07,27,12,61
2022-12-08,27,24,49
2022-12-09,21,18,61
2022-12-10,30,21,49
2022-12-11,18,17,65
2022-12-12,23,18,59
2022-12-13,25,19,56
2022-12-14,24,14,62
2022-12-15,25,18,57
2022-12-16,23,16,61
2022-12-17,17,23,60
2022-12-18,25,19,56
2022-12-19,18,15,67
2022-12-20,21,11,68
2022-12-21,23,13,64
2022-12-22,19,8,73
2022-12-23,19,13,68
2022-12-24,27,13,60
2022-12-25,35,11,54
2022-12-26,35,14,51
2022-12-27,20,14,66
2022-12-28,16,15,69
2022-12-29,34,13,53
2022-12-30,26,17,57
2022-12-31,20,11,69
2023-01-01,29,11,60
2023-01-02,23,19,58
2023-01-03,20,16,64
2023-01-04,19,15,66
2023-01-05,15,31,54
2023-01-06,27,21,52
2023-01-07,22,12,66
2023-01-08,29,13,58
2023-01-09,20,31,49
2023-01-10,29,19,52
2023-01-11,25,16,59
2023-01-12,26,12,62
2023-01-13,23,20,57
2023-01-14,25,13,62
2023-01-15,18,12,70
2023-01-16,27,11,62
2023-01-17,33,13,54
2023-01-18,21,18,61
2023-01-19,25,15,60
2023-01-20,26,30,44
2023-01-21,20,11,69
2023-01-22,18,11,71
2023-01-23,23,11,66
2023-01-24,25,17,58
2023-01-25,28,17,55
2023-01-26,27,16,57
2023-01-27,18,19,63
2023-01-28,32,14,54
2023-01-29,21,28,51
2023-01-30,16,20,64
2023-01-31,23,11,66
2023-02-01,19,10,71
2023-02-02,18,19,63
2023-02-03,28,32,40
2023-02-04,25,25,50
2023-02-05,36,41,23
2023-02-06,24,22,54
2023-02-07,22,31,47
2023-02-08,22,36,42
2023-02-09,21,12,67
2023-02-10,27,25,48
2023-02-11,23,21,56
2023-02-12,13,28,59
2023-02-13,19,27,54
2023-02-14,25,16,59
2023-02-15,24,18,58
2023-02-16,33,20,47
2023-02-17,30,16,54
2023-02-18,20,25,55
2023-02-19,32,18,50
2023-02-20,24,15,61
2023-02-21,20,19,61
2023-02-22,21,21,58
2023-02-23,21,29,50
2023-02-24,19,25,56
2023-02-25,23,22,55
2023-02-26,26,9,65
2023-02-27,22,17,61
2023-02-28,20,18,62
2023-03-01,24,23,53
2023-03-02,18,19,63
2023-03-03,29,21,50
2023-03-04,21,29,50
2023-03-05,20,46,34
2023-03-06,25,22,53
2023-03-07,22,17,61
2023-03-08,28,20,52
2023-03-09,19,33,48
2023-03-10,22,21,57
2023-03-11,20,30,50
2023-03-12,19,30,51
2023-03-13,22,12,66
2023-03-14,29,16,55
2023-03-15,11,37,52
2023-03-16,18,21,61
2023-03-17,29,19,52
2023-03-18,14,9,77
2023-03-19,21,14,65
2023-03-20,25,19,56
2023-03-21,20,14,66
2023-03-22,28,26,46
2023-03-23,19,11,70
2023-03-24,24,19,57
2023-03-25,23,21,56
2023-03-26,23,15,62
2023-03-27,27,21,52
2023-03-28,25,14,61
2023-03-29,15,14,71
2023-03-30,31,15,54
2023-03-31,22,29,49
2023-04-01,20,11,69
2023-04-02,23,8,69
2023-04-03,29,8,63
2023-04-04,17,10,73
2023-04-05,35,16,49
2023-04-06,19,15,66
2023-04-07,20,12,68
2023-04-08,23,16,61
2023-04-09,25,23,52
2023-04-10,17,21,62
2023-04-11,23,12,65
2023-04-12,17,25,58
2023-04-13,18,9,73
2023-04-14,43,9,48
2023-04-15,20,12,68
2023-04-16,18,12,70
2023-04-17,30,13,57
2023-04-18,31,11,58
2023-04-19,17,14,69
2023-04-20,19,22,59
2023-04-21,26,19,55
2023-04-22,25,24,51
2023-04-23,18,24,58
2023-04-24,17,30,53
2023-04-25,31,15,54
2023-04-26,23,22,55
2023-04-27,20,25,55
2023-04-28,24,12,64
2023-04-29,22,15,63
2023-04-30,23,14,63
2023-05-01,30,15,55
2023-05-02,28,22,50
2023-05-03,24,18,58
2023-05-04,21,18,61
2023-05-05,23,16,61
2023-05-06,24,14,62
2023-05-07,28,17,55
2023-05-08,23,10,67
2023-05-09,16,23,61
2023-05-10,19,34,47
2023-05-11,20,18,62
2023-05-12,26,14,60
2023-05-13,20,10,70
2023-05-14,22,15,63
2023-05-15,26,21,53
2023-05-16,25,9,66
2023-05-17,28,14,58
2023-05-18,21,22,57
2023-05-19,28,17,55
2023-05-20,30,9,61
2023-05-21,25,16,59
2023-05-22,27,5,68
2023-05-23,30,17,53
2023-05-24,20,22,58
2023-05-25,25,12,63
2023-05-26,40,9,51
2023-05-27,26,11,63
2023-05-28,22,13,65
2023-05-29,23,22,55
2023-05-30,23,24,53
2023-05-31,30,18,52
2023-06-01,22,19,59
2023-06-02,30,14,56
2023-06-03,21,21,58
2023-06-04,21,9,70
2023-06-05,21,15,64
2023-06-06,20,15,65
2023-06-07,28,19,53
2023-06-08,14,18,68
2023-06-09,20,18,62
2023-06-10,23,19,58
2023-06-11,19,18,63
2023-06-12,20,17,63
2023-06-13,26,15,59
2023-06-14,56,9,35
2023-06-15,58,12,30
2023-06-16,28,10,62
2023-06-17,24,22,54
2023-06-18,16,21,63
2023-06-19,18,24,58
2023-06-20,20,20,60
2023-06-21,23,12,65
2023-06-22,20,28,52
2023-06-23,18,16,66
2023-06-24,37,15,48
2023-06-25,24,19,57
2023-06-26,25,21,54
2023-06-27,24,18,58
2023-06-28,23,25,52
2023-06-29,25,20,55
2023-06-30,27,19,54
2023-07-01,25,17,58
2023-07-02,28,13,59
2023-07-03,27,16,57
2023-07-04,18,18,64
2023-07-05,22,12,66
2023-07-06,23,12,65
2023-07-07,24,15,61
2023-07-08,27,12,61
2023-07-09,12,20,68
2023-07-10,21,23,56
2023-07-11,15,12,73
2023-07-12,23,15,62
2023-07-13,21,15,64
2023-07-14,28,10,62
2023-07-15,28,10,62
2023-07-16,24,17,59
2023-07-17,24,27,49
2023-07-18,12,16,72
2023-07-19,17,21,62
2023-07-20,19,26,55
2023-07-21,22,12,66
2023-07-22,24,11,65
2023-07-23,25,17,58
2023-07-24,20,15,65
2023-07-25,22,14,64
2023-07-26,24,13,63
2023-07-27,22,16,62
2023-07-28,33,2,65
2023-07-29,23,7,70
2023-07-30,28,15,57
2023-07-31,27,14,59
2023-08-01,12,12,76
2023-08-02,24,12,64
2023-08-03,22,19,59
2023-08-04,18,14,68
2023-08-05,27,22,51
2023-08-06,24,19,57
2023-08-07,17,22,61
2023-08-08,21,24,55
2023-08-09,17,15,68
2023-08-10,27,33,40
2023-08-11,20,53,27
2023-08-12,22,38,40
2023-08-13,28,43,29
2023-08-14,19,41,40
2023-08-15,23,35,42
2023-08-16,21,27,52
2023-08-17,33,5,62
2023-08-18,25,15,60
2023-08-19,24,33,43
2023-08-20,25,27,48
2023-08-21,19,25,56
2023-08-22,20,25,55
2023-08-23,23,30,47
2023-08-24,21,19,60
2023-08-25,23,11,66
2023-08-26,26,11,63
2023-08-27,20,18,62
2023-08-28,20,20,60
2023-08-29,18,12,70
2023-08-30,24,14,62
2023-08-31,22,13,65
2023-09-01,24,8,68
2023-09-02,7,21,72
2023-09-03,3,19,78
2023-09-04,27,6,67
2023-09-05,6,21,73
2023-09-06,19,8,73
2023-09-07,20,20,60
2023-09-08,17,25,58
2023-09-09,22,12,66
2023-09-10,31,14,55
2023-09-11,20,9,71
2023-09-12,29,16,55
2023-09-13,18,11,71
2023-09-14,34,12,54
2023-09-15,16,9,75
2023-09-16,20,14,66
2023-09-17,23,14,63
2023-09-18,30,10,60
2023-09-19,24,15,61
2023-09-20,26,7,67
2023-09-21,30,14,56
2023-09-22,28,12,60
2023-09-23,23,9,68
2023-09-24,24,17,59
2023-09-25,25,13,62
2023-09-26,29,15,56
2023-09-27,35,12,53
2023-09-28,27,15,58
2023-09-29,21,10,69
2023-09-30,23,17,60
2023-10-01,27,11,62
2023-10-02,22,17,61
2023-10-03,29,17,54
2023-10-04,18,21,61
2023-10-05,29,13,58
2023-10-06,13,8,79
2023-10-07,26,17,57
2023-10-08,16,16,68
2023-10-09,25,19,56
2023-10-10,18,28,54
2023-10-11,23,9,68
2023-10-12,27,11,62
2023-10-13,16,26,58
2023-10-14,18,17,65
2023-10-15,24,11,65
2023-10-16,28,11,61
2023-10-17,30,12,58
2023-10-18,15,9,76
2023-10-19,26,18,56
2023-10-20,25,14,61
2023-10-21,32,8,60
2023-10-22,32,21,47
2023-10-23,32,12,56
2023-10-24,22,17,61
2023-10-25,23,11,66
2023-10-26,24,13,63
2023-10-27,27,13,60
2023-10-28,21,15,64
2023-10-29,22,32,46
2023-10-30,26,41,33
2023-10-31,25,22,53
2023-11-01,24,13,63
2023-11-02,17,26,57
2023-11-03,32,17,51
2023-11-04,19,22,59
2023-11-05,30,14,56
2023-11-06,18,10,72
2023-11-07,24,9,67
2023-11-08,22,18,60
2023-11-09,30,22,48
2023-11-10,31,13,56
2023-11-11,20,11,69
2023-11-12,31,10,59
2023-11-13,20,10,70
2023-11-14,17,22,61
2023-11-15,29,16,55
2023-11-16,21,4,75
2023-11-17,19,20,61
2023-11-18,18,19,63
2023-11-19,19,29,52
2023-11-20,29,8,63
2023-11-21,20,13,67
2023-11-22,26,19,55
2023-11-23,32,15,53
2023-11-24,24,13,63
2023-11-25,25,12,63
2023-11-26,33,7,60
2023-11-27,29,16,55
2023-11-28,25,13,62
2023-11-29,20,17,63
2023-11-30,28,16,56
2023-12-01,17,37,46
2023-12-02,19,15,66
2023-12-03,17,6,77
2023-12-04,16,12,72
2023-12-05,0,0,0
